web-scraper-order,web-scraper-start-url,link_toko,link_toko-href,nama_toko,Jml_produk,chat,follower,rating_toko,bergabung,promo,alamat_toko,link_produk,link_produk-href,nama_produk,promo_produk,terjual,gratis_ongkir,favorit
"1668864391-32","https://shopee.co.id/mall/brands/11042849","69Slam","https://shopee.co.id/69slam","","439","45% (hitungan jam)","7,4RB","4.8 (1,7RB penilaian)","24 bulan lalu","null","KAB. BADUNG","30%off69slam Sandal pria ARSIKI-ATMurah LebayRp285.000Rp200.000108 TerjualKAB. BADUNG","https://shopee.co.id/69slam-Sandal-pria-ARSIKI-AT-i.340815435.12428025981?sp_atk=0422d16b-e3a9-4128-94b7-17de430d1938&xptdk=0422d16b-e3a9-4128-94b7-17de430d1938","null","null","null","null","null"
"1668864427-33","https://shopee.co.id/mall/brands/11042849","4CM","https://shopee.co.id/4cmstore","","null","39% (hitungan jam)","60,8RB","4.7 (28,5RB penilaian)","5 tahun lalu","null","KOTA DEPOK","30%off4CM Boxer black fireMurah LebayRp99.000Rp69.30010RB+ TerjualKOTA DEPOK","https://shopee.co.id/4CM-Boxer-black-fire-i.32984432.7155464356?sp_atk=f5f5fb99-84c2-419b-bf3d-7051672c6a3c&xptdk=f5f5fb99-84c2-419b-bf3d-7051672c6a3c","null","null","null","null","null"
"1668864462-34","https://shopee.co.id/mall/brands/11042849","4.20","https://shopee.co.id/4.20official","","null","81% (hitungan jam)","50,8RB","4.9 (7,2RB penilaian)","4 tahun lalu","null","KOTA BANDUNG","40%off4.20 T-Shirt Philosophy Mandala NavyPilih 2, bayar Rp170.000Rp102.000 - Rp170.000321 TerjualKOTA BANDUNG","https://shopee.co.id/4.20-T-Shirt-Philosophy-Mandala-Navy-i.87828273.10739275158?sp_atk=9facd4a5-eac4-482f-885c-6c0ab9a25a07&xptdk=9facd4a5-eac4-482f-885c-6c0ab9a25a07","null","null","null","null","null"
"1668864504-35","https://shopee.co.id/mall/brands/11042849","3Second","https://shopee.co.id/3secondshop","","9,2RB","86% (hitungan jam)","451,2RB","4.9 (115,8RB penilaian)","6 tahun lalu","null","KOTA BANDUNG","40%off3Second Men Jacket 021021Diskon Rp15RBRp449.500Rp269.70049 TerjualKOTA BANDUNG","https://shopee.co.id/3Second-Men-Jacket-021021-i.18358818.11761195939?sp_atk=51b6849b-4d1e-4ada-a31c-0682d0907e9e&xptdk=51b6849b-4d1e-4ada-a31c-0682d0907e9e","null","null","null","null","null"
"1668864535-36","https://shopee.co.id/mall/brands/11042849","308ABSLTUNSCRD","https://shopee.co.id/308absltunscrd","","null","88% (hitungan jam)","64,5RB","4.8 (21,4RB penilaian)","4 tahun lalu","null","KAB. SLEMAN","10%off308 ABSLTUNSCRD - Bracelete Rubber Au Small Circle - BlackRp20.000Rp18.000216 TerjualKAB. SLEMAN","https://shopee.co.id/308-ABSLTUNSCRD-Bracelete-Rubber-Au-Small-Circle-Black-i.93881215.3918271445?sp_atk=39bd3b80-ae82-485b-a2da-5569771b457e&xptdk=39bd3b80-ae82-485b-a2da-5569771b457e","null","null","null","null","null"
"1668864568-37","https://shopee.co.id/mall/brands/11042849","3'NThree","https://shopee.co.id/3nthreeofficial","","241","90% (hitungan jam)","7,1RB","4.8 (378 penilaian)","3 tahun lalu","null","KOTA TANGERANG","40%off3Nthree kemeja koko Pria Muslim originalDiskon Rp2,5RBMurah LebayRp249.000Rp149.40032 TerjualKOTA TANGERANG","https://shopee.co.id/3Nthree-kemeja-koko-Pria-Muslim-original-i.184001696.15666321843?sp_atk=e5d4b7b3-db33-4466-840d-ea79ae12cbc2&xptdk=e5d4b7b3-db33-4466-840d-ea79ae12cbc2","null","null","null","null","null"
"1668864604-38","https://shopee.co.id/mall/brands/11042849","2nd Red","https://shopee.co.id/2ndred","","311","83% (hitungan jam)","8,9RB","4.8 (13RB penilaian)","5 tahun lalu","null","KAB. BANDUNG BARAT","62%off2nd Red Celana Jeans Legend Slim Fit Premium Bahan Melar Warna Biru Muda 133266Diskon 10%Rp399.900Rp151.9624,3RB TerjualKAB. BANDUNG BARAT","https://shopee.co.id/2nd-Red-Celana-Jeans-Legend-Slim-Fit-Premium-Bahan-Melar-Warna-Biru-Muda-133266-i.23917033.1889960272?sp_atk=6f9d3cf3-3d89-4eeb-b760-2efd25a49a4a&xptdk=6f9d3cf3-3d89-4eeb-b760-2efd25a49a4a","null","null","null","null","null"
"1668864636-39","https://shopee.co.id/mall/brands/11042849","2FAB4YOU","https://shopee.co.id/2fab4you","","null","40% (hitungan menit)","1,9RB","4.9 (426 penilaian)","4 tahun lalu","null","KOTA JAKARTA BARAT","2FAB4YOU T-shirt OG FLAMINGO White/Putih - Pria/WanitaRp199.00013 TerjualKOTA JAKARTA BARAT","https://shopee.co.id/2FAB4YOU-T-shirt-OG-FLAMINGO-White-Putih-Pria-Wanita-i.73775993.2881168942?sp_atk=e4eec1ab-e916-4f25-b463-fbad7b4a47c7&xptdk=e4eec1ab-e916-4f25-b463-fbad7b4a47c7","null","null","null","null","null"
"1668864664-40","https://shopee.co.id/mall/brands/11042849","17Seven","https://shopee.co.id/seventeenseven","","1,8RB","78% (hitungan jam)","80,4RB","4.7 (48,2RB penilaian)","4 tahun lalu","null","KOTA JAKARTA TIMUR","78%off17Seven Original Celana Panjang Chino 015-HITAM-AKMurah LebayRp409.000Rp90.00010RB+ TerjualKOTA JAKARTA TIMUR","https://shopee.co.id/17Seven-Original-Celana-Panjang-Chino-015-HITAM-AK-i.91485121.7350661850?sp_atk=1b9d0b6b-7ef0-48c9-b145-e66b9f7c7bd3&xptdk=1b9d0b6b-7ef0-48c9-b145-e66b9f7c7bd3","null","null","null","null","null"
"1668864693-41","https://shopee.co.id/mall/brands/11042849","07:35","https://shopee.co.id/0735_apparel","","52","73% (hitungan jam)","9,3RB","4.9 (1,4RB penilaian)","27 bulan lalu","null","KOTA JAKARTA UTARA","07:35 - Random SaleRp73.500243 TerjualKOTA JAKARTA UTARA","https://shopee.co.id/07-35-Random-Sale-i.298491252.9975420944?sp_atk=b42465f0-39d7-42e7-a3fa-15f35d37be62&xptdk=b42465f0-39d7-42e7-a3fa-15f35d37be62","null","null","null","null","null"
"1668864726-42","https://shopee.co.id/mall/brands/11042849","Zweckout Label","https://shopee.co.id/zweckout_label.official","","null","95% (hitungan jam)","15,4RB","4.6 (16,1RB penilaian)","5 tahun lalu","null","KAB. BANDUNG","45%offZWECKOUT LABEL - Celana Joger Slim Fit Skinny Jogger Pants Pria Korean Style HitamDiskon Rp5RBMurah LebayRp160.000Rp87.90010RB+ TerjualKAB. BANDUNG","https://shopee.co.id/ZWECKOUT-LABEL-Celana-Joger-Slim-Fit-Skinny-Jogger-Pants-Pria-Korean-Style-Hitam-i.59825614.6716661856?sp_atk=359d3d11-50ba-457b-ad1b-9fdab3427274&xptdk=359d3d11-50ba-457b-ad1b-9fdab3427274","null","null","null","null","null"
"1668864758-43","https://shopee.co.id/mall/brands/11042849","Zhon Army","https://shopee.co.id/zhonarmy","","37","70% (hitungan jam)","4,2RB","4.5 (212 penilaian)","4 bulan lalu","null","KAB. BANDUNG","ZHON ARMY - Ciel UnderPants - Cd Boxer Pria RandomDiskon Rp50RBRp50.000 - Rp200.000465 TerjualKAB. BANDUNG","https://shopee.co.id/ZHON-ARMY-Ciel-UnderPants-Cd-Boxer-Pria-Random-i.832121891.16581051299?sp_atk=10d01208-0d80-4994-9ad3-8ba011c777b9&xptdk=10d01208-0d80-4994-9ad3-8ba011c777b9","null","null","null","null","null"
"1668864787-44","https://shopee.co.id/mall/brands/11042849","ZG Zegoboss","https://shopee.co.id/zgzegoboss","","54","87% (hitungan jam)","5,1RB","4.8 (1RB penilaian)","26 bulan lalu","null","KOTA JAKARTA PUSAT","ZEGO BOSS Celana Panjang Jeans Stretch Denim Regular Fit (Solid Black)Murah LebayRp565.000443 TerjualKOTA JAKARTA PUSAT","https://shopee.co.id/ZEGO-BOSS-Celana-Panjang-Jeans-Stretch-Denim-Regular-Fit-(Solid-Black)-i.307319831.7351957312?sp_atk=a37ce3b9-47f6-415e-9799-90c6c68453d8&xptdk=a37ce3b9-47f6-415e-9799-90c6c68453d8","null","null","null","null","null"
"1668864818-45","https://shopee.co.id/mall/brands/11042849","ZeroTwentyTwo","https://shopee.co.id/zerotwentytwo.id","","null","85% (hitungan jam)","72RB","4.8 (18,9RB penilaian)","3 tahun lalu","null","KOTA BANDUNG","46%offZeroTwentyTwo T-shirt Transfer Black | Kaos Pria Parodi Plesetan Lucu ThrasherDiskon Rp2RBPilih 2, bayar Rp189.000Rp175.000Rp95.250874 TerjualKOTA BANDUNG","https://shopee.co.id/ZeroTwentyTwo-T-shirt-Transfer-Black-Kaos-Pria-Parodi-Plesetan-Lucu-Thrasher-i.175877695.7115926408?sp_atk=c353d49a-467d-47d4-abc1-27022656f824&xptdk=c353d49a-467d-47d4-abc1-27022656f824","null","null","null","null","null"
"1668864848-46","https://shopee.co.id/mall/brands/11042849","ZEROHEROES","https://shopee.co.id/zeroheroes.original","","435","97% (hitungan jam)","35,8RB","4.9 (12,3RB penilaian)","4 tahun lalu","null","KAB. MALANG","44%offZeroheroes | Kaos Kaki Tebal Premium Motif Garis OldschoolDiskon Rp1RBMurah LebayRp35.000Rp19.7002,3RB TerjualKAB. MALANG","https://shopee.co.id/Zeroheroes-Kaos-Kaki-Tebal-Premium-Motif-Garis-Oldschool-i.96006998.7450999154?sp_atk=ebc5aa95-0826-4057-87ec-f763d1b97186&xptdk=ebc5aa95-0826-4057-87ec-f763d1b97186","null","null","null","null","null"
"1668864878-47","https://shopee.co.id/mall/brands/11042849","Zaskia Mecca","https://shopee.co.id/zaskiamecca.official","","null","100% (hitungan jam)","1,9JT","4.8 (887,6RB penilaian)","6 tahun lalu","null","KOTA DEPOK","65%offZM Zaskia Mecca - Penyengat Dusty Green Scarf Kerudung Segi Empat Ultra SonicDiskon 10%Pilih 3, diskon 5%Rp189.000Rp67.0001,4RB TerjualKOTA DEPOK","https://shopee.co.id/ZM-Zaskia-Mecca-Penyengat-Dusty-Green-Scarf-Kerudung-Segi-Empat-Ultra-Sonic-i.12654106.6984957612?sp_atk=087d139e-93ed-4617-b9a1-8bf8d192605a&xptdk=087d139e-93ed-4617-b9a1-8bf8d192605a","null","null","null","null","null"
"1668864904-48","https://shopee.co.id/mall/brands/11042849","Zanetti","https://shopee.co.id/zanettiofficial","","null","100%","821","4.9 (16 penilaian)","27 bulan lalu","null","KOTA JAKARTA UTARA","ZL 75004 Zanetti Kemeja Basic Polos Slim Fit Lengan Panjang Hitam PekatRp249.0003 TerjualKOTA JAKARTA UTARA","https://shopee.co.id/ZL-75004-Zanetti-Kemeja-Basic-Polos-Slim-Fit-Lengan-Panjang-Hitam-Pekat-i.300622025.9010811787?sp_atk=facd46d3-dd95-4d54-b629-8b15e4f9d7ca&xptdk=facd46d3-dd95-4d54-b629-8b15e4f9d7ca","null","null","null","null","null"
"1668864930-49","https://shopee.co.id/mall/brands/11042849","Zalora","https://shopee.co.id/tolliverofficialshop","","null","99% (hitungan jam)","120,1RB","4.8 (13,7RB penilaian)","3 tahun lalu","null","KOTA BEKASI","57%offTolliver Hoodies With Zipper NavyDiskon 5%Rp349.000Rp149.000233 TerjualKOTA BEKASI","https://shopee.co.id/Tolliver-Hoodies-With-Zipper-Navy-i.166667048.4439560886?sp_atk=be3c9abf-ec7d-480c-a653-59b8a1901f3a&xptdk=be3c9abf-ec7d-480c-a653-59b8a1901f3a","null","null","null","null","null"
"1668864958-50","https://shopee.co.id/mall/brands/11042849","Zaemerci","https://shopee.co.id/zaemerci","","105","97% (hitungan jam)","22,9RB","4.8 (13,2RB penilaian)","33 bulan lalu","null","KOTA BANDUNG","20%offZaemerci - Kimono Kanvas  Lengan Panjang  Pria | Outer Casual Unisex OriginalDiskon 50%Pilih 2, diskon Rp15.000Rp72.000 - Rp153.0004,8RB TerjualKOTA BANDUNG","https://shopee.co.id/Zaemerci-Kimono-Kanvas-Lengan-Panjang-Pria-Outer-Casual-Unisex-Original-i.228751626.9915157509?sp_atk=44cc141f-dc5d-4166-a909-f2c16446ae10&xptdk=44cc141f-dc5d-4166-a909-f2c16446ae10","null","null","null","null","null"
"1668864988-51","https://shopee.co.id/mall/brands/11042849","Yesterday","https://shopee.co.id/yesterdayofficial","","null","95% (hitungan jam)","125,9RB","4.7 (131,8RB penilaian)","3 tahun lalu","null","KOTA BANDUNG","60%offYesterday Waistbag Full Print Takei BlackDiskon Rp2,5RBPilih 3, bayar Rp195.000Rp195.000Rp78.0002,7RB TerjualKOTA BANDUNG","https://shopee.co.id/Yesterday-Waistbag-Full-Print-Takei-Black-i.173440820.5556050824?sp_atk=13c3d061-ea58-4c04-868a-7d544d1c6277&xptdk=13c3d061-ea58-4c04-868a-7d544d1c6277","null","null","null","null","null"
"1668865029-52","https://shopee.co.id/mall/brands/11042849","YEGE","https://shopee.co.id/yegeindonesia","","null","42% (hitungan jam)","7,4RB","4.7 (4,8RB penilaian)","4 tahun lalu","null","KOTA JAKARTA UTARA","YEGE Kemeja Koko Pria Putih HADAAD Lengan PanjangRp149.900144 TerjualKOTA JAKARTA UTARA","https://shopee.co.id/YEGE-Kemeja-Koko-Pria-Putih-HADAAD-Lengan-Panjang-i.85448016.6642570864?sp_atk=97337963-2f13-4f7b-98de-de9e020584aa&xptdk=97337963-2f13-4f7b-98de-de9e020584aa","null","null","null","null","null"
"1668865060-53","https://shopee.co.id/mall/brands/11042849","Yauds.co","https://shopee.co.id/yauds.co","","null","25% (hitungan jam)","1,3RB","4.8 (50 penilaian)","4 tahun lalu","null","KOTA JAKARTA SELATAN","YAUDS.co x SPEAK UP TshirtRp220.0008 TerjualKOTA JAKARTA SELATAN","https://shopee.co.id/YAUDS.co-x-SPEAK-UP-Tshirt-i.128826850.9467307541?sp_atk=b837b6b0-9f5f-47bd-83e5-e9dbb7f777e4&xptdk=b837b6b0-9f5f-47bd-83e5-e9dbb7f777e4","null","null","null","null","null"
"1668865091-54","https://shopee.co.id/mall/brands/11042849","Yard Sale","https://shopee.co.id/yardsaleofficial","","690","71% (hitungan jam)","657","4.9 (93 penilaian)","21 bulan lalu","null","KOTA JAKARTA PUSAT","50%offYard Sale Costuum Kitsune Nylon Waist Bag OliveRp399.000Rp199.5001 TerjualKOTA JAKARTA PUSAT","https://shopee.co.id/Yard-Sale-Costuum-Kitsune-Nylon-Waist-Bag-Olive-i.383744581.4081437312?sp_atk=a057a02b-b870-4bc8-bb80-e0931d9672f6&xptdk=a057a02b-b870-4bc8-bb80-e0931d9672f6","null","null","null","null","null"
"1668865117-55","https://shopee.co.id/mall/brands/11042849","YAMASURIH","https://shopee.co.id/yamasurih.official","","null","42% (hitungan menit)","null","1,1RB","4.9 (171 penilaian)","null","KOTA BANDUNG","Yamasurih - Kaos Hitam ""Pecker Bozo"" T-ShirtRp200.00034 TerjualKOTA BANDUNG","https://shopee.co.id/Yamasurih-Kaos-Hitam-Pecker-Bozo-T-Shirt-i.272365407.4863866211?sp_atk=98a26b8d-5c59-4207-843e-a64c92e5ea11&xptdk=98a26b8d-5c59-4207-843e-a64c92e5ea11","null","null","null","null","null"
"1668865149-56","https://shopee.co.id/mall/brands/11042849","YAJUGAYA","https://shopee.co.id/yajugayaindonesia","","68","89% (hitungan jam)","1,4RB","4.9 (231 penilaian)","3 tahun lalu","null","KOTA BEKASI","Yajugaya - SituasuRp215.00035 TerjualKOTA BEKASI","https://shopee.co.id/Yajugaya-Situasu-i.161754161.2429683023?sp_atk=f19706ed-40cc-4c89-b981-eabf91f6052d&xptdk=f19706ed-40cc-4c89-b981-eabf91f6052d","null","null","null","null","null"
"1668865174-57","https://shopee.co.id/mall/brands/11042849","XXMAKE","https://shopee.co.id/xxmake_official","","null","100% (hitungan menit)","81,3RB","4.8 (53,4RB penilaian)","31 bulan lalu","null","KAB. TANGERANG","51%offXXMake Elastic Cover Sofa Bed Penutup Sofa Pattern Modern Menarik Sarung Sofa Bed S M L Penutup Sofa Bed ElastisDiskon Rp4RBMurah LebayRp83.000 - Rp114.00010RB+ TerjualKAB. TANGERANG","https://shopee.co.id/XXMake-Elastic-Cover-Sofa-Bed-Penutup-Sofa-Pattern-Modern-Menarik-Sarung-Sofa-Bed-S-M-L-Penutup-Sofa-Bed-Elastis-i.253240817.12446645553?sp_atk=976262ef-ee08-4ec2-acec-b4c23f59d14c&xptdk=976262ef-ee08-4ec2-acec-b4c23f59d14c","null","null","null","null","null"
"1668865204-58","https://shopee.co.id/mall/brands/11042849","X8","https://shopee.co.id/x8official","","2,1RB","93% (hitungan jam)","159,7RB","4.9 (20,2RB penilaian)","5 tahun lalu","null","KOTA JAKARTA BARAT","50%offBLUELINE by X8 Nino T-Shirt Pakaian PriaHadiah GratisRp189.900Rp94.950380 TerjualKOTA JAKARTA BARAT","https://shopee.co.id/BLUELINE-by-X8-Nino-T-Shirt-Pakaian-Pria-i.66854073.9423501364?sp_atk=b7ed8bab-2516-4cda-a846-47453dc49e82&xptdk=b7ed8bab-2516-4cda-a846-47453dc49e82","null","null","null","null","null"
"1668865238-59","https://shopee.co.id/mall/brands/11042849","X Urban Absolute","https://shopee.co.id/xurbandabsolute","","null","91% (hitungan jam)","172,7RB","4.8 (30,9RB penilaian)","33 bulan lalu","null","KAB. BANDUNG","20%offX Urband Absolute Jaket Sukajan Raion Terlaris A096Kombo HematRp60.000 - Rp89.60010RB+ TerjualKAB. BANDUNG","https://shopee.co.id/X-Urband-Absolute-Jaket-Sukajan-Raion-Terlaris-A096-i.224747419.9127208738?sp_atk=6a257b0c-f82b-47c6-a7c9-688b7f0ddc50&xptdk=6a257b0c-f82b-47c6-a7c9-688b7f0ddc50","null","null","null","null","null"
"1668865272-60","https://shopee.co.id/mall/brands/11042849","Wrangler","https://shopee.co.id/wranglerofficial","","1,1RB","58% (hitungan jam)","159RB","4.8 (29,9RB penilaian)","5 tahun lalu","null","KOTA BEKASI","10%offWrangler Jeans Texasbmcbc01A18Diskon Rp20RBRp459.900Rp413.910565 TerjualKOTA BEKASI","https://shopee.co.id/Wrangler-Jeans-Texasbmcbc01A18-i.55945766.4815275614?sp_atk=e818f360-2f4c-49f6-8a26-7474ebfbd855&xptdk=e818f360-2f4c-49f6-8a26-7474ebfbd855","null","null","null","null","null"
"1668865303-61","https://shopee.co.id/mall/brands/11042849","Worth ID","https://shopee.co.id/worthid.clothing","","438","86% (hitungan jam)","139,1RB","4.8 (42,5RB penilaian)","6 tahun lalu","null","KOTA BEKASI","25%offWORTH ID Kemeja Pria Cotton Pique Panjang BlackDiskon 50%Rp150.000 - Rp199.0002RB TerjualKOTA BEKASI","https://shopee.co.id/WORTH-ID-Kemeja-Pria-Cotton-Pique-Panjang-Black-i.11950297.1509390338?sp_atk=40773e68-09af-4b43-9e91-8d93e667b7e3&xptdk=40773e68-09af-4b43-9e91-8d93e667b7e3","null","null","null","null","null"
"1668865336-62","https://shopee.co.id/mall/brands/11042849","Wormhole","https://shopee.co.id/wormholestore","","528","91% (hitungan jam)","94,4RB","4.9 (12,8RB penilaian)","4 tahun lalu","null","KOTA BANDUNG","5%offW.Essentiels Jaket Ecume Oversize Hoodie Olive EssentielsDiskon 10%Rp499.000Rp474.0501,2RB TerjualKOTA BANDUNG","https://shopee.co.id/W.Essentiels-Jaket-Ecume-Oversize-Hoodie-Olive-Essentiels-i.87216194.1455625420?sp_atk=585d56b2-1149-4427-a663-ac83cb968e1b&xptdk=585d56b2-1149-4427-a663-ac83cb968e1b","null","null","null","null","null"
"1668865364-63","https://shopee.co.id/mall/brands/11042849","Workout Streetwear","https://shopee.co.id/workoutstreetwear","","null","98% (hitungan jam)","111,4RB","4.8 (53RB penilaian)","25 bulan lalu","null","KOTA BANDUNG","51%offWorkout Streetwear Kaos Distro Cream BrokePilih 2, bayar Rp145.000Rp68.600 - Rp75.6008RB TerjualKOTA BANDUNG","https://shopee.co.id/Workout-Streetwear-Kaos-Distro-Cream-Broke-i.327711825.7884871886?sp_atk=37c1f888-9a30-419e-8e96-9a52303780a4&xptdk=37c1f888-9a30-419e-8e96-9a52303780a4","null","null","null","null","null"
"1668865395-64","https://shopee.co.id/mall/brands/11042849","Woof Pack","https://shopee.co.id/woofpack","","88","69% (hitungan jam)","2,6RB","4.6 (4RB penilaian)","4 tahun lalu","null","KOTA JAKARTA BARAT","84%offTas Pouch Clutch Aksesoris Wanita Pria Multifungsi Woof Pack TCpouchXmi1Murah LebayRp70.000Rp10.9002,6RB TerjualKOTA JAKARTA BARAT","https://shopee.co.id/Tas-Pouch-Clutch-Aksesoris-Wanita-Pria-Multifungsi-Woof-Pack-TCpouchXmi1-i.136847255.2090382228?sp_atk=46a7a47c-4e77-48dc-adf2-50fdc18119f3&xptdk=46a7a47c-4e77-48dc-adf2-50fdc18119f3","null","null","null","null","null"
"1668865420-65","https://shopee.co.id/mall/brands/11042849","Woodcutter","https://shopee.co.id/woodcutter","","null","95% (hitungan jam)","49,8RB","4.8 (22,1RB penilaian)","6 tahun lalu","null","KOTA BEKASI","16%offWOODCUTTER Kemeja Green Oakland Flannel ShirtPilih 2, diskon Rp5.000Rp189.000Rp159.5001,5RB TerjualKOTA BEKASI","https://shopee.co.id/WOODCUTTER-Kemeja-Green-Oakland-Flannel-Shirt-i.11559302.7532185453?sp_atk=eee99197-11f0-441e-9d30-07768c4b40bc&xptdk=eee99197-11f0-441e-9d30-07768c4b40bc","null","null","null","null","null"
"1668865455-66","https://shopee.co.id/mall/brands/11042849","Wood","https://shopee.co.id/woodofficialshop","","368","64% (hitungan jam)","10RB","4.9 (1,9RB penilaian)","25 bulan lalu","null","KOTA BEKASI","50%offWOOD Modern Fit Chino Pants 2-OPXBSC518O028 SandDiskon Rp20RBRp479.900Rp239.95071 TerjualKOTA BEKASI","https://shopee.co.id/WOOD-Modern-Fit-Chino-Pants-2-OPXBSC518O028-Sand-i.321648624.3371878387?sp_atk=4f4918d7-e737-456e-b8e7-5247e002f8bc&xptdk=4f4918d7-e737-456e-b8e7-5247e002f8bc","null","null","null","null","null"
"1668865485-67","https://shopee.co.id/mall/brands/11042849","Woffi Man","https://shopee.co.id/woffimanofficialshop","","1RB","94% (hitungan jam)","9,7RB","4.8 (2,6RB penilaian)","29 bulan lalu","null","KOTA SURABAYA","80%offWoffi Kaos Pria - Denimize StripesRp380.000Rp75.00083 TerjualKOTA SURABAYA","https://shopee.co.id/Woffi-Kaos-Pria-Denimize-Stripes-i.279757087.7345304149?sp_atk=e2ce740a-d462-4c89-aca5-9b2163a278a1&xptdk=e2ce740a-d462-4c89-aca5-9b2163a278a1","null","null","null","null","null"
"1668865517-68","https://shopee.co.id/mall/brands/11042849","WKND","https://shopee.co.id/wkndclothes","","596","94% (hitungan jam)","148,2RB","4.8 (34RB penilaian)","4 tahun lalu","null","KOTA BANDUNG","44%offWKND Sweater Crewneck Original 1074 Cream Be Bold And BraveRp295.000Rp165.0007,4RB TerjualKOTA BANDUNG","https://shopee.co.id/WKND-Sweater-Crewneck-Original-1074-Cream-Be-Bold-And-Brave-i.107851093.7877608885?sp_atk=be2097fd-9caa-4497-b9ce-d8bd783263c2&xptdk=be2097fd-9caa-4497-b9ce-d8bd783263c2","null","null","null","null","null"
"1668865544-69","https://shopee.co.id/mall/brands/11042849","WIN Indonesia","https://shopee.co.id/winofficialshop","","null","75% (hitungan jam)","2,7RB","4.7 (387 penilaian)","9 bulan lalu","null","KAB. BANDUNG","47%offWIN - Parfume Unisex TravelRp80.000Rp42.400101 TerjualKAB. BANDUNG","https://shopee.co.id/WIN-Parfume-Unisex-Travel-i.680129571.20855210672?sp_atk=9bf2348b-04b1-4fc9-abf2-66e500500f34&xptdk=9bf2348b-04b1-4fc9-abf2-66e500500f34","null","null","null","null","null"
"1668865571-70","https://shopee.co.id/mall/brands/11042849","Will K","https://shopee.co.id/willklondon","","193","75% (hitungan jam)","18,5RB","4.8 (1,6RB penilaian)","5 tahun lalu","null","KOTA SURABAYA","47%offWILL-K LONDON T-shirt Contemporary Work Wear Sage GreenCashback 11%Rp189.900Rp99.90050 TerjualKOTA SURABAYA","https://shopee.co.id/WILL-K-LONDON-T-shirt-Contemporary-Work-Wear-Sage-Green-i.57319952.9653584802?sp_atk=f5910473-3a9d-445f-a9f8-3743a3a2f10b&xptdk=f5910473-3a9d-445f-a9f8-3743a3a2f10b","null","null","null","null","null"
"1668865613-71","https://shopee.co.id/mall/brands/11042849","WHSTL.","https://shopee.co.id/whstlofficial","","971","93% (hitungan jam)","55,8RB","4.8 (16,5RB penilaian)","5 tahun lalu","null","KOTA BANDUNG","40%offWHSTL. Topi 5 Panel Pria - Clone Series (5 Pilihan Warna)Diskon Rp5RBRp120.000Rp72.0004,8RB TerjualKOTA BANDUNG","https://shopee.co.id/WHSTL.-Topi-5-Panel-Pria-Clone-Series-(5-Pilihan-Warna)-i.58359064.5832274561?sp_atk=e91f6e9f-f1d0-4acd-953c-77e1b8bee3af&xptdk=e91f6e9f-f1d0-4acd-953c-77e1b8bee3af","null","null","null","null","null"
"1668865645-72","https://shopee.co.id/mall/brands/11042849","WGB","https://shopee.co.id/wahgedebanget","","290","70% (hitungan jam)","11,2RB","4.9 (6,4RB penilaian)","6 tahun lalu","null","KOTA TANGERANG","Masker+ PRO BIG SIZE Bahan 3 Lapis Non Medis Tebal Earloop Korea Anti Virus WGBGrosirRp34.9002,1RB TerjualKOTA TANGERANG","https://shopee.co.id/Masker-PRO-BIG-SIZE-Bahan-3-Lapis-Non-Medis-Tebal-Earloop-Korea-Anti-Virus-WGB-i.6308095.6654182982?sp_atk=66545ebe-3fce-438a-9bf8-8f985cd5ffbf&xptdk=66545ebe-3fce-438a-9bf8-8f985cd5ffbf","null","null","null","null","null"
"1668865674-73","https://shopee.co.id/mall/brands/11042849","Welldone","https://shopee.co.id/welldone.store","","null","80% (hitungan jam)","182,3RB","4.8 (81,8RB penilaian)","4 tahun lalu","null","KAB. BANDUNG","46%offWelldone Hoodie - Hoodie Fantastic BlackRp349.000Rp189.0003RB TerjualKAB. BANDUNG","https://shopee.co.id/Welldone-Hoodie-Hoodie-Fantastic-Black-i.96896363.6131859864?sp_atk=7716a31e-e9a8-4e3b-b214-9d1a87e50844&xptdk=7716a31e-e9a8-4e3b-b214-9d1a87e50844","null","null","null","null","null"
"1668865705-74","https://shopee.co.id/mall/brands/11042849","Wellborn","https://shopee.co.id/wellborncompany","","341","97% (hitungan jam)","382,8RB","4.8 (173,5RB penilaian)","34 bulan lalu","null","KOTA BANDUNG","74%offWellborn Polo Two Tone Shirt CollectionHadiah GratisRp265.000Rp69.0002,3RB TerjualKOTA BANDUNG","https://shopee.co.id/Wellborn-Polo-Two-Tone-Shirt-Collection-i.218995246.9819735704?sp_atk=7463c901-2456-4f58-85de-9e69b765ac7e&xptdk=7463c901-2456-4f58-85de-9e69b765ac7e","null","null","null","null","null"
"1668865733-75","https://shopee.co.id/mall/brands/11042849","Wear Ware","https://shopee.co.id/wearware.id","","31","100% (hitungan jam)","1,3RB","4.9 (1,4RB penilaian)","5 tahun lalu","null","KOTA JAKARTA BARAT","26%offWEAR WARE - T Shirt Wanita - Bamboo Cotton V Neck WB003Rp59.200 - Rp80.000531 TerjualKOTA JAKARTA BARAT","https://shopee.co.id/WEAR-WARE-T-Shirt-Wanita-Bamboo-Cotton-V-Neck-WB003-i.45175550.2946904401?sp_atk=14fb1883-0266-4c01-90ad-73b95fcd7095&xptdk=14fb1883-0266-4c01-90ad-73b95fcd7095","null","null","null","null","null"
"1668865761-76","https://shopee.co.id/mall/brands/11042849","Watchout","https://shopee.co.id/watchout.casual.jeans","","421","100% (hitungan jam)","20,1RB","4.9 (8,7RB penilaian)","31 bulan lalu","null","KOTA BANDUNG","70%offWatchout Short Sleeve Koko - JS8007401Hadiah GratisRp439.900Rp129.900157 TerjualKOTA BANDUNG","https://shopee.co.id/Watchout-Short-Sleeve-Koko-JS8007401-i.243163767.6558577471?sp_atk=abb8f58a-c976-4e1e-af28-9bcadcc5ff35&xptdk=abb8f58a-c976-4e1e-af28-9bcadcc5ff35","null","null","null","null","null"
"1668865805-77","https://shopee.co.id/mall/brands/11042849","Wassup WSP","https://shopee.co.id/wassup_wsp","","132","100% (hitungan menit)","4,5RB","4.8 (4,4RB penilaian)","18 bulan lalu","null","KAB. TANGERANG","54%off【BPOM】WASSUP BIOAQUA  Essence Mask 10x the effect Whitening Moisturizing SKIN CARE Sleeping MASKER wajah Sheet MASK 25g/28ml Buy 7pcs get Rp1900 offPilih 7, diskon Rp1.900Rp3.699 - Rp4.09910RB+ TerjualKAB. TANGERANG","https://shopee.co.id/%E3%80%90BPOM%E3%80%91WASSUP-BIOAQUA-Essence-Mask-10x-the-effect-Whitening-Moisturizing-SKIN-CARE-Sleeping-MASKER-wajah-Sheet-MASK-25g-28ml-Buy-7pcs-get-Rp1900-off-i.456602822.17125030498?sp_atk=e80c998e-a5bd-41bf-9fac-7eb594110e68&xptdk=e80c998e-a5bd-41bf-9fac-7eb594110e68","null","null","null","null","null"
"1668865837-78","https://shopee.co.id/mall/brands/11042849","Waskito","https://shopee.co.id/batikwaskito","","null","92% (hitungan jam)","12,1RB","4.9 (2RB penilaian)","3 tahun lalu","null","KOTA SURABAYA","Masker Batik Katun murah (random)GrosirRp3.000370 TerjualKOTA SURABAYA","https://shopee.co.id/Masker-Batik-Katun-murah-(random)-i.173440985.13128151389?sp_atk=a80d4d10-2e4c-4912-8f6e-3acee8864a0d&xptdk=a80d4d10-2e4c-4912-8f6e-3acee8864a0d","null","null","null","null","null"
"1668865866-79","https://shopee.co.id/mall/brands/11042849","Warning Clothing","https://shopee.co.id/warningclothing","","367","81% (hitungan jam)","14,6RB","4.8 (6,4RB penilaian)","34 bulan lalu","null","KOTA BANDUNG","Warning Praise 1 Polo CapRp149.000334 TerjualKOTA BANDUNG","https://shopee.co.id/Warning-Praise-1-Polo-Cap-i.223114590.5740497020?sp_atk=40725c55-498d-4360-b2ea-aff45bec3525&xptdk=40725c55-498d-4360-b2ea-aff45bec3525","null","null","null","null","null"
"1668865892-80","https://shopee.co.id/mall/brands/11042849","WARDKICK","https://shopee.co.id/wardkick_official_shop","","null","78% (hitungan jam)","5,1RB","4.8 (650 penilaian)","4 tahun lalu","null","KAB. BANDUNG BARAT","50%offWARDKICK Sweater Crewneck black white MetalRp350.000Rp175.0001,5RB TerjualKAB. BANDUNG BARAT","https://shopee.co.id/WARDKICK-Sweater-Crewneck-black-white-Metal-i.145609753.11809220219?sp_atk=43516125-9e62-453a-af18-6f4e6c705d9c&xptdk=43516125-9e62-453a-af18-6f4e6c705d9c","null","null","null","null","null"
"1668865920-81","https://shopee.co.id/mall/brands/11042849","Walrus","https://shopee.co.id/walrusfashion","","null","97% (hitungan jam)","13,9RB","4.9 (13,7RB penilaian)","4 tahun lalu","null","KOTA SURABAYA","56%offWalrus Kaos Polo Basic (Polos) Putih  T1021501Diskon Rp5RBRp269.900Rp119.900164 TerjualKOTA SURABAYA","https://shopee.co.id/Walrus-Kaos-Polo-Basic-(Polos)-Putih-T1021501-i.89671317.6213714446?sp_atk=eab84e5b-6de5-4bac-9f6c-857c20a9f4cc&xptdk=eab84e5b-6de5-4bac-9f6c-857c20a9f4cc","null","null","null","null","null"
"1668865951-82","https://shopee.co.id/mall/brands/11042849","WALKOUT","https://shopee.co.id/walkoutclothing","","null","100% (hitungan menit)","20RB","4.8 (606 penilaian)","5 tahun lalu","null","KOTA CIMAHI","28%offWalkout Wallet Bio BrownDiskon 50%Pilih 2, diskon Rp5.000Rp160.000Rp115.000141 TerjualKOTA CIMAHI","https://shopee.co.id/Walkout-Wallet-Bio-Brown-i.68131673.6041062824?sp_atk=b074c94e-6639-488e-9e86-b466b7c0bb3d&xptdk=b074c94e-6639-488e-9e86-b466b7c0bb3d","null","null","null","null","null"
"1668865977-83","https://shopee.co.id/mall/brands/11042849","WADEZIG!","https://shopee.co.id/wadezigstore","","null","80% (hitungan jam)","93,4RB","4.8 (11,1RB penilaian)","4 tahun lalu","null","KOTA BANDUNG","WADEZIG! Tshirt - Jerusalem Black On Black #3Murah LebayRp135.000284 TerjualKOTA BANDUNG","https://shopee.co.id/WADEZIG!-Tshirt-Jerusalem-Black-On-Black-3-i.118297438.10730160310?sp_atk=30317631-2a05-4cb6-9ee2-eafdcb5d496f&xptdk=30317631-2a05-4cb6-9ee2-eafdcb5d496f","null","null","null","null","null"
"1668866004-84","https://shopee.co.id/mall/brands/11042849","VSLSS","https://shopee.co.id/vslss.official","","135","96% (hitungan menit)","1,5RB","4.9 (118 penilaian)","4 tahun lalu","null","KOTA BANDUNG","70%offVslss - Hoodie - Establert - BlackDiskon Rp20RBRp359.000Rp107.7001 TerjualKOTA BANDUNG","https://shopee.co.id/Vslss-Hoodie-Establert-Black-i.74213140.3183746429?sp_atk=1fb2055b-a84a-48ce-9f09-1336db97eb30&xptdk=1fb2055b-a84a-48ce-9f09-1336db97eb30","null","null","null","null","null"
"1668866034-85","https://shopee.co.id/mall/brands/11042849","Vreedom","https://shopee.co.id/vreedomofficial","","null","77% (hitungan jam)","2,2RB","4.9 (430 penilaian)","13 bulan lalu","null","KOTA DEPOK","32%offVREEDOM Hermit Oversized T-shirt BlackDiskon 5%Rp249.000Rp169.999116 TerjualKOTA DEPOK","https://shopee.co.id/VREEDOM-Hermit-Oversized-T-shirt-Black-i.572294517.15017849452?sp_atk=b6034698-b751-433c-8436-a8af0942f102&xptdk=b6034698-b751-433c-8436-a8af0942f102","null","null","null","null","null"
"1668866066-86","https://shopee.co.id/mall/brands/11042849","Voordurend Love","https://shopee.co.id/voordurend","","null","89% (hitungan jam)","12,1RB","4.8 (3,2RB penilaian)","4 tahun lalu","null","KOTA DENPASAR","10%offVoordurend Love - Mackas Icon Laxtee -  Unisex - Black – Tshirt – Relaxed Fit – Cotton Combed 20sCashback 5%Rp179.100 - Rp199.00073 TerjualKOTA DENPASAR","https://shopee.co.id/Voordurend-Love-Mackas-Icon-Laxtee-Unisex-Black-%E2%80%93-Tshirt-%E2%80%93-Relaxed-Fit-%E2%80%93-Cotton-Combed-20s-i.119754295.4779971818?sp_atk=e5894773-0b0b-41c3-9dc5-bcef1b72a545&xptdk=e5894773-0b0b-41c3-9dc5-bcef1b72a545","null","null","null","null","null"
"1668866097-87","https://shopee.co.id/mall/brands/11042849","Von Dutch","https://shopee.co.id/vondutchofficial","","null","45% (hitungan jam)","30,3RB","4.9 (16,9RB penilaian)","33 bulan lalu","null","KOTA JAKARTA BARAT","30%offVondutch / Kaos / Tshirt / baju 0095BLRp251.300 - Rp359.000446 TerjualKOTA JAKARTA BARAT","https://shopee.co.id/Vondutch-Kaos-Tshirt-baju-0095BL-i.228625083.7737245822?sp_atk=0ecea5a6-6841-4dae-99bd-b2d6848dabbb&xptdk=0ecea5a6-6841-4dae-99bd-b2d6848dabbb","null","null","null","null","null"
"1668866124-88","https://shopee.co.id/mall/brands/11042849","VOLKVOG","https://shopee.co.id/volkvog","","null","99% (hitungan menit)","37RB","4.9 (7,7RB penilaian)","4 tahun lalu","null","KOTA BEKASI","43%offVolkvog Jeans Chino Panjang Genova SlimfitRp350.000Rp199.5001RB TerjualKOTA BEKASI","https://shopee.co.id/Volkvog-Jeans-Chino-Panjang-Genova-Slimfit-i.78022274.1336544032?sp_atk=62798cf2-f220-44b3-84d0-df936275f47c&xptdk=62798cf2-f220-44b3-84d0-df936275f47c","null","null","null","null","null"
"1668866157-89","https://shopee.co.id/mall/brands/11042849","Volcom","https://shopee.co.id/volcomofficial","","608","100% (hitungan menit)","42,7RB","4.9 (18,4RB penilaian)","26 bulan lalu","null","KAB. BADUNG","30%offVOLCOM - MFL ICONIC STONE PO BLKRp895.000Rp626.00053 TerjualKAB. BADUNG","https://shopee.co.id/VOLCOM-MFL-ICONIC-STONE-PO-BLK-i.315833408.13038069587?sp_atk=b69dd0c0-526e-4f2b-83d0-89adac585e11&xptdk=b69dd0c0-526e-4f2b-83d0-89adac585e11","null","null","null","null","null"
"1668866184-90","https://shopee.co.id/mall/brands/11042849","VNOISE","https://shopee.co.id/vnoise","","38","80% (hitungan jam)","1,2RB","4.6 (353 penilaian)","5 bulan lalu","null","KAB. BANDUNG","42%offVNOISE - Celana Jogger Pria Trendy Korean StyleGrosirRp120.000Rp70.000611 TerjualKAB. BANDUNG","https://shopee.co.id/VNOISE-Celana-Jogger-Pria-Trendy-Korean-Style-i.804116510.21816706231?sp_atk=95ade813-1f3a-450b-9888-50ad765a829c&xptdk=95ade813-1f3a-450b-9888-50ad765a829c","null","null","null","null","null"
"1668866212-91","https://shopee.co.id/mall/brands/11042849","VNI.ID","https://shopee.co.id/vni.id","","null","100% (hitungan jam)","63RB","4.7 (48,5RB penilaian)","20 bulan lalu","null","KOTA JAKARTA BARAT","77%offVNI.ID Basic Sweater Polos New York 199X Pria & Wanita SIZE M-XXLDiskon Rp500Rp39.800 - Rp56.6949,5RB TerjualKOTA JAKARTA BARAT","https://shopee.co.id/VNI.ID-Basic-Sweater-Polos-New-York-199X-Pria-Wanita-SIZE-M-XXL-i.404771892.6182446887?sp_atk=2ad9f224-c0e8-4f61-92ba-7f6bd0d936de&xptdk=2ad9f224-c0e8-4f61-92ba-7f6bd0d936de","null","null","null","null","null"
"1668866240-92","https://shopee.co.id/mall/brands/11042849","Vitlexs","https://shopee.co.id/vitlexsofficial","","61","44% (hitungan jam)","9,4RB","4.7 (1,8RB penilaian)","26 bulan lalu","null","KAB. BANDUNG","40%offVitlexs Sandal Pria Slip On Art Font VitlexsDiskon Rp20RBPilih 2, diskon 5%Rp200.000Rp120.00022 TerjualKAB. BANDUNG","https://shopee.co.id/Vitlexs-Sandal-Pria-Slip-On-Art-Font-Vitlexs-i.312777406.11623187022?sp_atk=805629ed-b0d4-4742-a89a-673a75d99c88&xptdk=805629ed-b0d4-4742-a89a-673a75d99c88","null","null","null","null","null"
"1668866267-93","https://shopee.co.id/mall/brands/11042849","Vish","https://shopee.co.id/vishbyntl","","101","59% (hitungan jam)","17%","8RB","4.9 (1,2RB penilaian)","null","KOTA JAKARTA BARAT","Vish - (Ready Stock) Ventela x Nevertoolavish: H13 Noir HighRp469.800111 TerjualKOTA JAKARTA BARAT","https://shopee.co.id/Vish-(Ready-Stock)-Ventela-x-Nevertoolavish-H13-Noir-High-i.218254552.7149898391?sp_atk=26cbe336-3d1d-4dc3-b74c-531bdd6da152&xptdk=26cbe336-3d1d-4dc3-b74c-531bdd6da152","null","null","null","null","null"
"1668866294-94","https://shopee.co.id/mall/brands/11042849","Visbar","https://shopee.co.id/visbar.id","","null","92% (hitungan jam)","72,2RB","4.9 (17,9RB penilaian)","3 tahun lalu","null","KOTA DEPOK","25%offVisbar TShirt T13 - MermaidDiskon Rp1RBPilih 3, bayar Rp250.000Rp169.000Rp126.7501,6RB TerjualKOTA DEPOK","https://shopee.co.id/Visbar-TShirt-T13-Mermaid-i.166044163.5616761704?sp_atk=4b564f67-4deb-40b6-a324-f5f0f43585ff&xptdk=4b564f67-4deb-40b6-a324-f5f0f43585ff","null","null","null","null","null"
"1668866320-95","https://shopee.co.id/mall/brands/11042849","VIBESAPPAREL","https://shopee.co.id/vibesapparel_","","null","95% (hitungan jam)","30,8RB","4.8 (8,8RB penilaian)","4 tahun lalu","null","KOTA TANGERANG","55%offVIBES APPAREL | Wirepeace | Coach JacketDiskon 20%Murah LebayRp350.000Rp159.0001,2RB TerjualKOTA TANGERANG","https://shopee.co.id/VIBES-APPAREL-Wirepeace-Coach-Jacket-i.106062905.6765038927?sp_atk=b5f6bcff-9883-474e-9ba7-6cd6731b335d&xptdk=b5f6bcff-9883-474e-9ba7-6cd6731b335d","null","null","null","null","null"
"1668866347-96","https://shopee.co.id/mall/brands/11042849","Vialli Milano","https://shopee.co.id/viallimilano","","259","64% (hitungan jam)","1,8RB","4.9 (1,5RB penilaian)","27 bulan lalu","null","KOTA JAKARTA BARAT","Danatella Polo Stripe Shirt Wanita lengan pendekRp229.000156 TerjualKOTA JAKARTA BARAT","https://shopee.co.id/Danatella-Polo-Stripe-Shirt-Wanita-lengan-pendek-i.298649135.8811076206?sp_atk=142acd9d-63d0-4baf-9ff8-298d0bff4cee&xptdk=142acd9d-63d0-4baf-9ff8-298d0bff4cee","null","null","null","null","null"
"1668866373-97","https://shopee.co.id/mall/brands/11042849","Verticalgoods","https://shopee.co.id/verticalgoods","","169","97% (hitungan jam)","40,6RB","4.8 (15,3RB penilaian)","5 tahun lalu","null","KOTA TANGERANG","56%offVerticalgoods | T-shirt Oversize | BLURRY Kaos HitamKombo HematRp180.000Rp79.5004,3RB TerjualKOTA TANGERANG","https://shopee.co.id/Verticalgoods-T-shirt-Oversize-BLURRY-Kaos-Hitam-i.42407758.9143856822?sp_atk=1056399f-f89c-41fb-bd56-7db81c43388e&xptdk=1056399f-f89c-41fb-bd56-7db81c43388e","null","null","null","null","null"
"1668866404-98","https://shopee.co.id/mall/brands/11042849","Verkoop","https://shopee.co.id/verkoop.store","","56","58% (hitungan jam)","2RB","4.9 (1,9RB penilaian)","9 bulan lalu","null","KOTA JAKARTA SELATAN","60%offVerkoop Long Sleeve Tshirt ArmyRp299.000Rp119.00033 TerjualKOTA JAKARTA SELATAN","https://shopee.co.id/Verkoop-Long-Sleeve-Tshirt-Army-i.698748973.20458886939?sp_atk=1c6ff001-e1f7-4946-9ec2-85f2675918b6&xptdk=1c6ff001-e1f7-4946-9ec2-85f2675918b6","null","null","null","null","null"
"1668866434-99","https://shopee.co.id/mall/brands/11042849","Vercline","https://shopee.co.id/vercline","","null","40% (hitungan jam)","1,9RB","4.8 (238 penilaian)","4 tahun lalu","null","KOTA JAKARTA BARAT","30%offVercline Oversized T-Shirt DOBIERp425.000Rp297.5003 TerjualKOTA JAKARTA BARAT","https://shopee.co.id/Vercline-Oversized-T-Shirt-DOBIE-i.92018159.19057695179?sp_atk=e9901521-75fd-4ac1-aeb4-57c30209c9f3&xptdk=e9901521-75fd-4ac1-aeb4-57c30209c9f3","null","null","null","null","null"
"1668866467-100","https://shopee.co.id/mall/brands/11042849","Vengoz","https://shopee.co.id/vengoz","","251","74% (hitungan jam)","125,8RB","4.8 (57,4RB penilaian)","5 tahun lalu","null","KOTA JAKARTA UTARA","64%offVENGOZ Kemeja Pria - Adya Casual ShirtDiskon 50%Pilih 2, diskon 3%Rp359.000Rp129.0002,7RB TerjualKOTA JAKARTA UTARA","https://shopee.co.id/VENGOZ-Kemeja-Pria-Adya-Casual-Shirt-i.58259176.9618220973?sp_atk=218bf44a-a4b8-4f99-91ab-ed495a86c4a5&xptdk=218bf44a-a4b8-4f99-91ab-ed495a86c4a5","null","null","null","null","null"
"1668866499-101","https://shopee.co.id/mall/brands/11042849","Veljko","https://shopee.co.id/veljko.official","","null","97% (hitungan jam)","57,4RB","4.8 (26,5RB penilaian)","34 bulan lalu","null","KOTA BANDUNG","45%offVeljko T-shirt Larva BlackDiskon Rp2,5RBRp135.000Rp74.5001,9RB TerjualKOTA BANDUNG","https://shopee.co.id/Veljko-T-shirt-Larva-Black-i.219487388.3929010782?sp_atk=eff1691b-e430-4c3c-9a14-1c5dbb52b49f&xptdk=eff1691b-e430-4c3c-9a14-1c5dbb52b49f","null","null","null","null","null"
"1668866598-102","https://shopee.co.id/mall/brands/11042849","Vearst","https://shopee.co.id/vearst","","389","90% (hitungan jam)","47,8RB","4.8 (15,5RB penilaian)","33 bulan lalu","null","KOTA BANDUNG","41%offVearst Work Pants Sable 540 Cut BlackRp260.000 - Rp439.000708 TerjualKOTA BANDUNG","https://shopee.co.id/Vearst-Work-Pants-Sable-540-Cut-Black-i.224781834.6278574673?sp_atk=8e9bfc08-4425-48f2-a4da-b6e93390d3b4&xptdk=8e9bfc08-4425-48f2-a4da-b6e93390d3b4","null","null","null","null","null"
"1668866627-103","https://shopee.co.id/mall/brands/11042849","VCRL","https://shopee.co.id/vcrl.id","","null","92% (hitungan jam)","2,6RB","4.6 (5,1RB penilaian)","28 bulan lalu","null","KAB. BANDUNG","50%offVCRL Sweater Pria Sablon Polos Basic Bahan Cotton Flece OriginalDiskon Rp5RBRp75.000 - Rp150.00010RB+ TerjualKAB. BANDUNG","https://shopee.co.id/VCRL-Sweater-Pria-Sablon-Polos-Basic-Bahan-Cotton-Flece-Original-i.282506205.8515037788?sp_atk=501a8a19-980a-461d-90a9-a10cd6307274&xptdk=501a8a19-980a-461d-90a9-a10cd6307274","null","null","null","null","null"
"1668866655-104","https://shopee.co.id/mall/brands/11042849","Varial","https://shopee.co.id/varialapparel.co","","null","96% (hitungan jam)","11,9RB","4.8 (2,4RB penilaian)","4 tahun lalu","null","KAB. BADUNG","18%offJAKET JEANS PRIA / TRUCKER JEANS / STONEWASH /DENIM / V TRD CONS MEDICINE BLUEDiskon Rp20RBRp430.000Rp352.60091 TerjualKAB. BADUNG","https://shopee.co.id/JAKET-JEANS-PRIA-TRUCKER-JEANS-STONEWASH-DENIM-V-TRD-CONS-MEDICINE-BLUE-i.105948078.6487864075?sp_atk=ee54b0c7-048c-4ec3-a5ed-2433ba632893&xptdk=ee54b0c7-048c-4ec3-a5ed-2433ba632893","null","null","null","null","null"
"1668866682-105","https://shopee.co.id/mall/brands/11042849","Vampire Dead And Revenge","https://shopee.co.id/vampiredeadandrevenge","","null","99% (hitungan jam)","57,6RB","4.8 (21RB penilaian)","33 bulan lalu","null","KAB. BANTUL","44%offVampire Kingdom T-shirt Short Sleeve | Gorgeo | BlackDiskon Rp2,5RBPilih 2, diskon Rp3.000Rp169.000Rp95.0001,1RB TerjualKAB. BANTUL","https://shopee.co.id/Vampire-Kingdom-T-shirt-Short-Sleeve-Gorgeo-Black-i.229008774.13814294907?sp_atk=95913d94-47cb-476f-9426-406555ab27fe&xptdk=95913d94-47cb-476f-9426-406555ab27fe","null","null","null","null","null"
"1668866710-106","https://shopee.co.id/mall/brands/11042849","Urbain Inc","https://shopee.co.id/urbaininc","","null","59% (hitungan jam)","77,7RB","4.8 (16,6RB penilaian)","3 tahun lalu","null","KOTA JAKARTA SELATAN","45%offUrbain Beanie/Kupluk Wool Hitam LogoPilih 2, bayar Rp100.000Rp100.000Rp55.000846 TerjualKOTA JAKARTA SELATAN","https://shopee.co.id/Urbain-Beanie-Kupluk-Wool-Hitam-Logo-i.155156587.4563253173?sp_atk=1edf8aa5-2182-4692-bbfa-58c765c6dbfd&xptdk=1edf8aa5-2182-4692-bbfa-58c765c6dbfd","null","null","null","null","null"
"1668866735-107","https://shopee.co.id/mall/brands/11042849","Uprise","https://shopee.co.id/uprisedenim","","null","97% (hitungan jam)","80,5RB","4.9 (7,1RB penilaian)","33 bulan lalu","null","KOTA JAKARTA UTARA","UPRISE Oversize Polo Black , White , GrayDiskon Rp15RBRp179.000103 TerjualKOTA JAKARTA UTARA","https://shopee.co.id/UPRISE-Oversize-Polo-Black-White-Gray-i.231103920.8498349348?sp_atk=c3ba18ae-935b-44c7-acfe-fd55bfad62b7&xptdk=c3ba18ae-935b-44c7-acfe-fd55bfad62b7","null","null","null","null","null"
"1668866764-108","https://shopee.co.id/mall/brands/11042849","Unxplnd","https://shopee.co.id/unxplndmarket","","159","77% (hitungan jam)","24,7RB","4.9 (5,5RB penilaian)","25 bulan lalu","null","KAB. TANGERANG","27%offUnxplnd | Beanie | Basic OG WovenRp95.000Rp69.0001,1RB TerjualKAB. TANGERANG","https://shopee.co.id/Unxplnd-Beanie-Basic-OG-Woven-i.325670631.9348232420?sp_atk=30635812-1597-4f30-a33a-bf2e1ddf4ba0&xptdk=30635812-1597-4f30-a33a-bf2e1ddf4ba0","null","null","null","null","null"
"1668866797-109","https://shopee.co.id/mall/brands/11042849","UNTCKD","https://shopee.co.id/untckd_official","","485","80% (hitungan jam)","96,8RB","4.8 (18,5RB penilaian)","7 tahun lalu","null","KOTA JAKARTA UTARA","67%offUNTCKD Quill FannypackRp150.000Rp50.000226 TerjualKOTA JAKARTA UTARA","https://shopee.co.id/UNTCKD-Quill-Fannypack-i.1304055.3414141404?sp_atk=02d3a84f-d908-4b27-b105-fd685b65f14c&xptdk=02d3a84f-d908-4b27-b105-fd685b65f14c","null","null","null","null","null"
"1668866830-110","https://shopee.co.id/mall/brands/11042849","Uno.co","https://shopee.co.id/unoco.official","","78","97% (hitungan jam)","20,7RB","4.9 (5,6RB penilaian)","36 bulan lalu","null","KOTA JAKARTA TIMUR","9%offUno.co Kemeja Formal Office Shirt lengan pendek hitam Big Size Xl-7XlCashback 3%Rp209.000 - Rp269.000151 TerjualKOTA JAKARTA TIMUR","https://shopee.co.id/Uno.co-Kemeja-Formal-Office-Shirt-lengan-pendek-hitam-Big-Size-Xl-7Xl-i.204790309.9576464727?sp_atk=8beedcd3-7172-42eb-b62b-f274f084eec9&xptdk=8beedcd3-7172-42eb-b62b-f274f084eec9","null","null","null","null","null"
"1668866858-111","https://shopee.co.id/mall/brands/11042849","UNKL347","https://shopee.co.id/unkl347official","","null","98% (hitungan jam)","132,5RB","4.8 (39RB penilaian)","4 tahun lalu","null","KOTA SURAKARTA (SOLO)","70%offUNKL347 T-Shirt Hitam Bahan Combed Motif Simpel BDTMRp260.000Rp78.0001,2RB TerjualKOTA SURAKARTA (SOLO)","https://shopee.co.id/UNKL347-T-Shirt-Hitam-Bahan-Combed-Motif-Simpel-BDTM-i.80732230.14790223061?sp_atk=48a65d4f-98f7-422f-af46-5d65df9a2a3f&xptdk=48a65d4f-98f7-422f-af46-5d65df9a2a3f","null","null","null","null","null"
"1668866883-112","https://shopee.co.id/mall/brands/11042849","Unitedhart","https://shopee.co.id/unitedhart_official","","95","74% (hitungan jam)","18,3RB","4.9 (2,8RB penilaian)","27 bulan lalu","null","KOTA BANDUNG","UH! Heavyweight Cotton 16s Pocket Tees BlackRp178.000226 TerjualKOTA BANDUNG","https://shopee.co.id/UH!-Heavyweight-Cotton-16s-Pocket-Tees-Black-i.293283681.4896740595?sp_atk=f8647aae-e800-44cf-90c5-15a90282c93f&xptdk=f8647aae-e800-44cf-90c5-15a90282c93f","null","null","null","null","null"
"1668866915-113","https://shopee.co.id/mall/brands/11042849","Unionwell","https://shopee.co.id/unionwelloriginal","","202","87% (hitungan jam)","14,6RB","4.9 (5,3RB penilaian)","3 tahun lalu","null","KOTA JAKARTA SELATAN","40%offUnionwell Tshirt Unionround Logo BlackRp300.000Rp180.000235 TerjualKOTA JAKARTA SELATAN","https://shopee.co.id/Unionwell-Tshirt-Unionround-Logo-Black-i.168583478.11156284810?sp_atk=19c386b3-c0cc-441d-adcf-39320727e1c4&xptdk=19c386b3-c0cc-441d-adcf-39320727e1c4","null","null","null","null","null"
"1668866944-114","https://shopee.co.id/mall/brands/11042849","Underage","https://shopee.co.id/underage.indonesia","","null","88% (hitungan jam)","10,3RB","4.9 (4,7RB penilaian)","3 tahun lalu","null","KOTA BANDUNG","54%offUnderage T-Shirt wild and free long sleve black streetwear | kaos motorDiskon Rp10RBMurah LebayRp138.600 - Rp163.350707 TerjualKOTA BANDUNG","https://shopee.co.id/Underage-T-Shirt-wild-and-free-long-sleve-black-streetwear-kaos-motor-i.199857305.4456360290?sp_atk=6bde9157-0d90-4d75-930d-0b2ea9ff8a79&xptdk=6bde9157-0d90-4d75-930d-0b2ea9ff8a79","null","null","null","null","null"
"1668866979-115","https://shopee.co.id/mall/brands/11042849","UK Unicloth Kingdom","https://shopee.co.id/uniclothkingdom","","79","65% (hitungan jam)","359","4.8 (128 penilaian)","19 bulan lalu","null","KOTA BANDUNG","50%offUK Unicloth Kingdom Tshirt Basic / Kaos Polos 24s / Kaos Polos Tanpa Jahitan SampingGrosirRp86.000Rp43.000152 TerjualKOTA BANDUNG","https://shopee.co.id/UK-Unicloth-Kingdom-Tshirt-Basic-Kaos-Polos-24s-Kaos-Polos-Tanpa-Jahitan-Samping-i.421704542.8488957170?sp_atk=cbaf31d5-6611-4beb-80cd-cd48f7a3a8bf&xptdk=cbaf31d5-6611-4beb-80cd-cd48f7a3a8bf","null","null","null","null","null"
"1668867009-116","https://shopee.co.id/mall/brands/11042849","UC&CO.","https://shopee.co.id/ucandcocanggu","","null","10%","382","4.9 (80 penilaian)","31 bulan lalu","null","KAB. BADUNG","UC&CO. Six Panel Cap Rest In ParadiseRp245.000 - Rp270.0004 TerjualKAB. BADUNG","https://shopee.co.id/UC-CO.-Six-Panel-Cap-Rest-In-Paradise-i.244561474.5929242914?sp_atk=91bc06f2-5201-472c-a55c-c687aeb75672&xptdk=91bc06f2-5201-472c-a55c-c687aeb75672","null","null","null","null","null"
"1668867041-117","https://shopee.co.id/mall/brands/11042849","U8","https://shopee.co.id/u8clothing","","null","75% (hitungan jam)","783","4.7 (184 penilaian)","28 bulan lalu","null","KOTA SURABAYA","60%offU8 Kemeja Motif Kirkless Navy Grey Modern Tribal KIRKLESS 1019-01Rp359.000Rp143.6003 TerjualKOTA SURABAYA","https://shopee.co.id/U8-Kemeja-Motif-Kirkless-Navy-Grey-Modern-Tribal-KIRKLESS-1019-01-i.283006103.7565395407?sp_atk=728180c6-1040-4f8d-81ff-fa944e2f63b4&xptdk=728180c6-1040-4f8d-81ff-fa944e2f63b4","null","null","null","null","null"
"1668867071-118","https://shopee.co.id/mall/brands/11042849","Twohead","https://shopee.co.id/twohead.official","","null","87% (hitungan jam)","19,4RB","4.8 (6,3RB penilaian)","24 bulan lalu","null","KAB. BANDUNG","59%offTwohead tshirt Depression WhiteDiskon Rp2,5RBRp180.000Rp73.8001,1RB TerjualKAB. BANDUNG","https://shopee.co.id/Twohead-tshirt-Depression-White-i.346059716.9528689078?sp_atk=f76cc34f-58fa-4eee-a391-5bff779e610f&xptdk=f76cc34f-58fa-4eee-a391-5bff779e610f","null","null","null","null","null"
"1668867100-119","https://shopee.co.id/mall/brands/11042849","Twinfit","https://shopee.co.id/twinfit_official","","183","100% (hitungan jam)","10,8RB","4.8 (2,1RB penilaian)","5 tahun lalu","null","KOTA BANDUNG","50%offTwinfit Basic Polo ShirtPilih 3, bayar Rp250.000Rp209.000Rp104.0001,2RB TerjualKOTA BANDUNG","https://shopee.co.id/Twinfit-Basic-Polo-Shirt-i.33873300.5849880509?sp_atk=225994de-afe7-4fd9-9354-4e7953e84930&xptdk=225994de-afe7-4fd9-9354-4e7953e84930","null","null","null","null","null"
"1668867131-120","https://shopee.co.id/mall/brands/11042849","Tvck","https://shopee.co.id/tvck_cons","","333","77% (hitungan jam)","17,2RB","4.9 (1,6RB penilaian)","3 tahun lalu","null","KOTA BANDUNG","25%offTvck Sling Bag Haqiba BlackRp155.000Rp116.250131 TerjualKOTA BANDUNG","https://shopee.co.id/Tvck-Sling-Bag-Haqiba-Black-i.158273238.5215538075?sp_atk=ec1c5b0e-d2a8-44aa-91f0-05f1e5c96f1f&xptdk=ec1c5b0e-d2a8-44aa-91f0-05f1e5c96f1f","null","null","null","null","null"
"1668867168-121","https://shopee.co.id/mall/brands/11042849","Tshirttokoh","https://shopee.co.id/tshirttokoh","","1,1RB","96% (hitungan jam)","66,6RB","4.8 (57,3RB penilaian)","6 tahun lalu","null","KOTA SURAKARTA (SOLO)","Tshirttokoh -  Kaos Panjang Umur Hal Baik - Cerita Baik HitamRp120.000 - Rp140.0002,7RB TerjualKOTA SURAKARTA (SOLO)","https://shopee.co.id/Tshirttokoh-Kaos-Panjang-Umur-Hal-Baik-Cerita-Baik-Hitam-i.8350587.3327648684?sp_atk=5cdfe05c-1756-4001-ab0b-9c0e3e764f78&xptdk=5cdfe05c-1756-4001-ab0b-9c0e3e764f78","null","null","null","null","null"
"1668867200-122","https://shopee.co.id/mall/brands/11042849","Trust Denim","https://shopee.co.id/trustdenimofficial","","88","76% (hitungan jam)","13RB","4.9 (3,6RB penilaian)","4 tahun lalu","null","KAB. BANDUNG","57%offTRUST DENIM Black Rainbow 505 Celana Denim selvedge accent  - Black Denim OriginalRp420.000Rp179.999388 TerjualKAB. BANDUNG","https://shopee.co.id/TRUST-DENIM-Black-Rainbow-505-Celana-Denim-selvedge-accent-Black-Denim-Original-i.79588850.2107775561?sp_atk=6c28b929-f0aa-4268-bd5f-6c1e80e1b912&xptdk=6c28b929-f0aa-4268-bd5f-6c1e80e1b912","null","null","null","null","null"
"1668867226-123","https://shopee.co.id/mall/brands/11042849","Troy.","https://shopee.co.id/troycompany","","null","98% (hitungan jam)","93RB","4.8 (43,1RB penilaian)","4 tahun lalu","null","KAB. SLEMAN","Troy Company Gelang Tangan Black GL 106Rp10.0007,2RB TerjualKAB. SLEMAN","https://shopee.co.id/Troy-Company-Gelang-Tangan-Black-GL-106-i.132593038.4131694080?sp_atk=2005d859-f6d9-4ce0-89c1-1ca54bad8b0e&xptdk=2005d859-f6d9-4ce0-89c1-1ca54bad8b0e","null","null","null","null","null"
"1668867323-124","https://shopee.co.id/mall/brands/11042849","Troveast","https://shopee.co.id/troveast","","117","85% (hitungan jam)","255,6RB","4.6 (215,4RB penilaian)","6 tahun lalu","null","KOTA TANGERANG","44%offTroveast Jaket Outdoor WaterproofDiskon Rp20RBMurah LebayRp300.000Rp169.00010RB+ TerjualKOTA TANGERANG","https://shopee.co.id/Troveast-Jaket-Outdoor-Waterproof-i.7791565.41661639?sp_atk=b12b733c-16cf-46e1-a4aa-0d9d69346cbb&xptdk=b12b733c-16cf-46e1-a4aa-0d9d69346cbb","null","null","null","null","null"
"1668867352-125","https://shopee.co.id/mall/brands/11042849","Trousary","https://shopee.co.id/trousaryofficial","","null","100% (hitungan menit)","3,5RB","4.8 (4,9RB penilaian)","3 tahun lalu","null","KAB. BANDUNG","39%offTrousary Sweater  Hoodie Zipper / Sleting Original Size S M L XL XXLDiskon 50%Rp85.000 - Rp130.0001,1RB TerjualKAB. BANDUNG","https://shopee.co.id/Trousary-Sweater-Hoodie-Zipper-Sleting-Original-Size-S-M-L-XL-XXL-i.180630585.5372680447?sp_atk=af6cdba4-564d-4946-b282-8296810744fc&xptdk=af6cdba4-564d-4946-b282-8296810744fc","null","null","null","null","null"
"1668867378-126","https://shopee.co.id/mall/brands/11042849","Trondheim","https://shopee.co.id/trondheimoriginal","","null","96% (hitungan jam)","19,1RB","4.8 (26,5RB penilaian)","4 tahun lalu","null","KOTA CIMAHI","75%offTrondheim Celana Jeans Slim Fit PriaRp99.000 - Rp139.0005,6RB TerjualKOTA CIMAHI","https://shopee.co.id/Trondheim-Celana-Jeans-Slim-Fit-Pria-i.119232628.2200142141?sp_atk=c8325772-9784-4cb2-b2cd-5df1ac53af1c&xptdk=c8325772-9784-4cb2-b2cd-5df1ac53af1c","null","null","null","null","null"
"1668867406-127","https://shopee.co.id/mall/brands/11042849","Triple","https://shopee.co.id/triplejeans","","462","85% (hitungan jam)","30,4RB","4.8 (12,3RB penilaian)","3 tahun lalu","null","KOTA SURABAYA","60%offTRIPLE Ladies Celana Jeans Stretch Slim Fit (94 777 GW)Diskon Rp7RBRp425.000Rp170.000690 TerjualKOTA SURABAYA","https://shopee.co.id/TRIPLE-Ladies-Celana-Jeans-Stretch-Slim-Fit-(94-777-GW)-i.175328065.6419139281?sp_atk=2c617c60-0a30-4600-8a61-9fd285b550a7&xptdk=2c617c60-0a30-4600-8a61-9fd285b550a7","null","null","null","null","null"
"1668867436-128","https://shopee.co.id/mall/brands/11042849","trepel","https://shopee.co.id/trepel.co","","38","79% (hitungan jam)","639","4.8 (419 penilaian)","7 bulan lalu","null","KOTA BANDUNG","27%offTrepel.Co Celana Cargo Pendek Warna Abu Muda Free Gantungan KunciDiskon Rp2RBPilih 3, diskon Rp5.000Rp124.700 - Rp175.000215 TerjualKOTA BANDUNG","https://shopee.co.id/Trepel.Co-Celana-Cargo-Pendek-Warna-Abu-Muda-Free-Gantungan-Kunci-i.754871962.19724584257?sp_atk=b5d709c4-6ec3-4ea4-9bec-96b3fae72900&xptdk=b5d709c4-6ec3-4ea4-9bec-96b3fae72900","null","null","null","null","null"
"1668867465-129","https://shopee.co.id/mall/brands/11042849","Tozicozy","https://shopee.co.id/tozicozy","","174","98% (hitungan jam)","23,6RB","4.8 (8,2RB penilaian)","4 tahun lalu","null","KAB. BANDUNG","Tozicozy Zein Tas Sling Bag Pria Warna Hitam Waterproof Bahan BimoDiskon 50%Hadiah GratisRp159.000349 TerjualKAB. BANDUNG","https://shopee.co.id/Tozicozy-Zein-Tas-Sling-Bag-Pria-Warna-Hitam-Waterproof-Bahan-Bimo-i.130851767.7894154586?sp_atk=d5c53e75-f8e0-4b10-b995-793314b6cb33&xptdk=d5c53e75-f8e0-4b10-b995-793314b6cb33","null","null","null","null","null"
"1668867492-130","https://shopee.co.id/mall/brands/11042849","TOPTEN","https://shopee.co.id/toptenofficial","","null","87% (hitungan jam)","11,9RB","4.7 (1,9RB penilaian)","4 tahun lalu","null","KOTA SURABAYA","52%offTOPTEN Celana Dalam Pria Boxer Premium Topten SportDiskon 10%Rp99.000Rp48.000685 TerjualKOTA SURABAYA","https://shopee.co.id/TOPTEN-Celana-Dalam-Pria-Boxer-Premium-Topten-Sport-i.96058796.6010357260?sp_atk=fa6d04c5-1ad3-448d-bf8c-fb4b63153693&xptdk=fa6d04c5-1ad3-448d-bf8c-fb4b63153693","null","null","null","null","null"
"1668867520-131","https://shopee.co.id/mall/brands/11042849","TopOne88","https://shopee.co.id/topone88","","289","97% (hitungan jam)","104,9RB","4.7 (150,8RB penilaian)","6 tahun lalu","null","KOTA JAKARTA BARAT","40%offTopone88 Jaket Royal Hoodie Zipper Anak Laki Perempuan UnisexMurah LebayRp100.000Rp60.00010RB+ TerjualKOTA JAKARTA BARAT","https://shopee.co.id/Topone88-Jaket-Royal-Hoodie-Zipper-Anak-Laki-Perempuan-Unisex-i.19222953.784901261?sp_atk=447c4b4c-23c9-42db-aaf5-3fe927318611&xptdk=447c4b4c-23c9-42db-aaf5-3fe927318611","null","null","null","null","null"
"1668867548-132","https://shopee.co.id/mall/brands/11042849","Tootsie","https://shopee.co.id/tootsie.official","","null","88% (hitungan jam)","3,8RB","4.9 (767 penilaian)","8 bulan lalu","null","KOTA BANDUNG","TOOTSIE - Caen T-Shirt -  AdultRp169.900236 TerjualKOTA BANDUNG","https://shopee.co.id/TOOTSIE-Caen-T-Shirt-Adult-i.737806720.17560654763?sp_atk=30f3c2e2-d57f-454e-8c6c-8902f4decd2d&xptdk=30f3c2e2-d57f-454e-8c6c-8902f4decd2d","null","null","null","null","null"
"1668867581-133","https://shopee.co.id/mall/brands/11042849","Tootal Underwear","https://shopee.co.id/tootal.official","","24","27% (hitungan jam)","293","4.9 (255 penilaian)","24 bulan lalu","null","KOTA TANGERANG SELATAN","Tootal Celana Dalam Pria Mini Brief 3 Warna / pack - TTOB03M3CRp89.90030 TerjualKOTA TANGERANG SELATAN","https://shopee.co.id/Tootal-Celana-Dalam-Pria-Mini-Brief-3-Warna-pack-TTOB03M3C-i.338429743.5567484831?sp_atk=e5bc0fac-9903-479f-8c8b-d45393b23d75&xptdk=e5bc0fac-9903-479f-8c8b-d45393b23d75","null","null","null","null","null"
"1668867608-134","https://shopee.co.id/mall/brands/11042849","Tootal","https://shopee.co.id/tootal","","null","74% (hitungan jam)","529","4.9 (196 penilaian)","5 tahun lalu","null","KOTA JAKARTA TIMUR","50%offTootal Kemeja Pria Lengan Panjang Stripe 272 BlueDiskon 50%Rp688.000Rp344.00012 TerjualKOTA JAKARTA TIMUR","https://shopee.co.id/Tootal-Kemeja-Pria-Lengan-Panjang-Stripe-272-Blue-i.39412025.7941584422?sp_atk=47c6e5fd-9936-4add-8a38-0cdea784974c&xptdk=47c6e5fd-9936-4add-8a38-0cdea784974c","null","null","null","null","null"
"1668867635-135","https://shopee.co.id/mall/brands/11042849","TOMS PROJECT","https://shopee.co.id/tomsproject.id","","160","93% (hitungan jam)","38,7RB","4.8 (11,9RB penilaian)","5 tahun lalu","null","KOTA BANDUNG","63%offToms Project Tshirt Saint Muerte - Kaos PriaDiskon Rp5RBPilih 3, bayar Rp195.000Rp185.000Rp69.0002,8RB TerjualKOTA BANDUNG","https://shopee.co.id/Toms-Project-Tshirt-Saint-Muerte-Kaos-Pria-i.55255133.3297105846?sp_atk=353d68cc-dfe1-451a-b822-9d98ec66485c&xptdk=353d68cc-dfe1-451a-b822-9d98ec66485c","null","null","null","null","null"
"1668867668-136","https://shopee.co.id/mall/brands/11042849","Tommy Hilfinger","https://shopee.co.id/tommyhilfigerofficial","","159","100% (hitungan menit)","14%","17,9RB","4.8 (197 penilaian)","null","KAB. BOGOR","30%offTommy Hilfiger - REGULAR FIT TOMMY TIPPED POLO 2 - BLACKDiskon Rp15RBRp1.390.000Rp973.0007 TerjualKAB. BOGOR","https://shopee.co.id/Tommy-Hilfiger-REGULAR-FIT-TOMMY-TIPPED-POLO-2-BLACK-i.338434182.20349514959?sp_atk=e5bfa7f4-2c41-46ab-b32e-816cf40343f1&xptdk=e5bfa7f4-2c41-46ab-b32e-816cf40343f1","null","null","null","null","null"
"1668867697-137","https://shopee.co.id/mall/brands/11042849","Tokocrypto","https://shopee.co.id/tokocrypto_official","","21","50%","20%","43","5.0 (4 penilaian)","null","KOTA JAKARTA SELATAN","Tokocrypto - Astronauts Skate Black - Size MRp180.0002 TerjualKOTA JAKARTA SELATAN","https://shopee.co.id/Tokocrypto-Astronauts-Skate-Black-Size-M-i.637852336.19844837626?sp_atk=e4503f89-047d-4e8b-8761-ca4a1a834556&xptdk=e4503f89-047d-4e8b-8761-ca4a1a834556","null","null","null","null","null"
"1668867726-138","https://shopee.co.id/mall/brands/11042849","TNGR","https://shopee.co.id/tngrdeadly","","null","77% (hitungan jam)","28,3RB","4.8 (9,6RB penilaian)","5 tahun lalu","null","KAB. SLEMAN","55%offTNGR Deadly T-Shirt ZHOCX Blue TeesDiskon Rp7,77RBRp165.000Rp75.000211 TerjualKAB. SLEMAN","https://shopee.co.id/TNGR-Deadly-T-Shirt-ZHOCX-Blue-Tees-i.38323773.8642501922?sp_atk=ebef498b-f598-4cdc-b467-ec372eacf538&xptdk=ebef498b-f598-4cdc-b467-ec372eacf538","null","null","null","null","null"
"1668867752-139","https://shopee.co.id/mall/brands/11042849","Tizzly","https://shopee.co.id/tizzly.co","","null","88% (hitungan jam)","3,9RB","4.8 (2RB penilaian)","29 bulan lalu","null","KOTA CIMAHI","35%offTizzly Avernus Varian2Rp187.850 - Rp203.550385 TerjualKOTA CIMAHI","https://shopee.co.id/Tizzly-Avernus-Varian2-i.279384362.3260542535?sp_atk=a1348af9-f292-4b6a-a9c5-839d397da52d&xptdk=a1348af9-f292-4b6a-a9c5-839d397da52d","null","null","null","null","null"
"1668867779-140","https://shopee.co.id/mall/brands/11042849","Tirajeans","https://shopee.co.id/tirajeansofficial","","439","62% (hitungan jam)","31,5RB","4.8 (8,5RB penilaian)","5 tahun lalu","null","KOTA BEKASI","25%offTirajeans T-Shirts L/S TTL205K40004S21 BlackDiskon Rp20RBPilih 2, diskon 30%Rp179.900Rp134.925218 TerjualKOTA BEKASI","https://shopee.co.id/Tirajeans-T-Shirts-L-S-TTL205K40004S21-Black-i.55934463.8148573584?sp_atk=b2340ea8-87a8-406b-a4c3-1c8e6f6d14ff&xptdk=b2340ea8-87a8-406b-a4c3-1c8e6f6d14ff","null","null","null","null","null"
"1668867811-141","https://shopee.co.id/mall/brands/11042849","TIMONOSD","https://shopee.co.id/timonosd.co","","313","61% (hitungan jam)","60,5RB","4.7 (18,5RB penilaian)","5 tahun lalu","null","KOTA TANGERANG SELATAN","Timonosd Crewneck Tmnsd “Had “Rp210.000544 TerjualKOTA TANGERANG SELATAN","https://shopee.co.id/Timonosd-Crewneck-Tmnsd-%E2%80%9CHad-%E2%80%9C-i.51123839.3841831780?sp_atk=38dec2f3-98dd-4f1f-a652-5aa9e1e12256&xptdk=38dec2f3-98dd-4f1f-a652-5aa9e1e12256","null","null","null","null","null"
"1668867839-142","https://shopee.co.id/mall/brands/11042849","Timberland","https://shopee.co.id/timberlandofficial","","897","100% (hitungan jam)","31,8RB","4.9 (1,6RB penilaian)","32 bulan lalu","null","KOTA TANGERANG SELATAN","Timberland Women 6In Prem Boot Wheat Nubuck-TB010361713Diskon Rp25RBRp3.790.00016 TerjualKOTA TANGERANG SELATAN","https://shopee.co.id/Timberland-Women-6In-Prem-Boot-Wheat-Nubuck-TB010361713-i.240533996.7638556753?sp_atk=1b5cbb7f-073a-45ef-913e-8b67fcf690f8&xptdk=1b5cbb7f-073a-45ef-913e-8b67fcf690f8","null","null","null","null","null"
"1668867865-143","https://shopee.co.id/mall/brands/11042849","Tightless","https://shopee.co.id/tightless","","25","57%","341","4.7 (35 penilaian)","23 bulan lalu","null","KOTA BANDUNG","62%offTightless Sweater Pullover Hoodie LethargyRp449.000Rp169.0008 TerjualKOTA BANDUNG","https://shopee.co.id/Tightless-Sweater-Pullover-Hoodie-Lethargy-i.362960731.3483261058?sp_atk=e136776c-0f16-46f8-822f-71e717033e39&xptdk=e136776c-0f16-46f8-822f-71e717033e39","null","null","null","null","null"
"1668867895-144","https://shopee.co.id/mall/brands/11042849","Throox","https://shopee.co.id/throoxoriginal","","377","98% (hitungan jam)","145,9RB","4.8 (48,2RB penilaian)","4 tahun lalu","null","KAB. SUKOHARJO","49%offThroox T-Shirt kaos hitam ||THRX Good Smilow BlackDiskon Rp5RBPilih 3, bayar Rp250.000Rp175.000Rp89.0001,6RB TerjualKAB. SUKOHARJO","https://shopee.co.id/Throox-T-Shirt-kaos-hitam-THRX-Good-Smilow-Black-i.118571446.7526533289?sp_atk=1e57caef-07e5-409e-aa07-dc892ef9d456&xptdk=1e57caef-07e5-409e-aa07-dc892ef9d456","null","null","null","null","null"
"1668867922-145","https://shopee.co.id/mall/brands/11042849","Thistimebrand","https://shopee.co.id/thistimebrand","","1,2RB","94% (hitungan jam)","83,4RB","4.7 (24,1RB penilaian)","4 tahun lalu","null","KOTA BEKASI","This Time Brand Paket Hemat Murah Meriah , Geser Ke KananDiskon Rp5RBKombo HematRp200.000600 TerjualKOTA BEKASI","https://shopee.co.id/This-Time-Brand-Paket-Hemat-Murah-Meriah-Geser-Ke-Kanan-i.86409600.6045631676?sp_atk=9c82b248-4c57-4659-bb40-46919f053e87&xptdk=9c82b248-4c57-4659-bb40-46919f053e87","null","null","null","null","null"
"1668867952-146","https://shopee.co.id/mall/brands/11042849","This is April","https://shopee.co.id/thisisapril","","857","99% (hitungan jam)","755,1RB","4.9 (108,1RB penilaian)","5 tahun lalu","null","KOTA JAKARTA UTARA","This Is April Jaket Jeans Wanita Fender Jackets Denim – 181503Diskon Rp10RBRp279.0001,1RB TerjualKOTA JAKARTA UTARA","https://shopee.co.id/This-Is-April-Jaket-Jeans-Wanita-Fender-Jackets-Denim-%E2%80%93-181503-i.60731464.6383449442?sp_atk=2bdbc9c9-b384-4b5a-913c-efb028e4be5e&xptdk=2bdbc9c9-b384-4b5a-913c-efb028e4be5e","null","null","null","null","null"
"1668867980-147","https://shopee.co.id/mall/brands/11042849","The Slank Store","https://shopee.co.id/theslankstore","","308","76% (hitungan jam)","19,8RB","4.9 (11,2RB penilaian)","5 tahun lalu","null","KOTA JAKARTA SELATAN","Vaksin Slank Vol.24Rp100.000778 TerjualKOTA JAKARTA SELATAN","https://shopee.co.id/Vaksin-Slank-Vol.24-i.69584395.4676992447?sp_atk=89fcd1c1-d53d-4bfa-b1ee-bf05199411c8&xptdk=89fcd1c1-d53d-4bfa-b1ee-bf05199411c8","null","null","null","null","null"
"1668868006-148","https://shopee.co.id/mall/brands/11042849","The Monseur Gallery","https://shopee.co.id/themonseurgallery","","693","100% (hitungan menit)","30,3RB","4.7 (4,2RB penilaian)","3 bulan lalu","null","KOTA SURABAYA","50%offThe Monseur Gallery T-shirt Oversize Blue Heart | Kaos HitamDiskon Rp5RBPilih 2, diskon Rp2.000Rp130.000Rp65.000718 TerjualKOTA SURABAYA","https://shopee.co.id/The-Monseur-Gallery-T-shirt-Oversize-Blue-Heart-Kaos-Hitam-i.836627177.20342770371?sp_atk=024acdd7-e210-42de-a7c2-c33c7f5c12dc&xptdk=024acdd7-e210-42de-a7c2-c33c7f5c12dc","null","null","null","null","null"
"1668868039-149","https://shopee.co.id/mall/brands/11042849","The Goods Dept","https://shopee.co.id/thegoodsdeptofficial","","1RB","76% (hitungan jam)","70,4RB","4.9 (13,6RB penilaian)","34 bulan lalu","null","KAB. TANGERANG","The Goods Dept - Totebag Jakarta CreamDiskon Rp10RBRp169.0001,4RB TerjualKAB. TANGERANG","https://shopee.co.id/The-Goods-Dept-Totebag-Jakarta-Cream-i.217272417.5514381651?sp_atk=ea776219-cbe1-4f4c-95f5-7d5d2fbfe12f&xptdk=ea776219-cbe1-4f4c-95f5-7d5d2fbfe12f","null","null","null","null","null"
